{"cameraMode":{"drawMode":0,"name":"Shaded","section":"Shading Mode"},"sceneLighting":true,"audioPlay":false,"sceneViewState":{"showFog":true,"showMaterialUpdate":false,"showSkybox":true,"showFlares":true,"showImageEffects":true,"showParticleSystems":true},"in2DMode":false,"pivot":{"x":0.19970372319221497,"y":1.0000076293945313,"z":1.9957549571990967},"rotation":{"x":0.0078981202095747,"y":0.0009999577887356282,"z":-0.00000788363740866771,"w":0.9999697804450989},"size":5.018492221832275,"orthographic":true}